classificação,faturamento cliente,desconto orçamento,aceitabilidade_alta,aceitabilidade_média,aceitabilidade_baixa
L,7070,220,0,0,1
J,5980,70,1,0,0
F,14290,920,0,0,1
F,11300,240,0,0,1
K,1820,80,0,1,0
D,13260,140,1,0,0
J,6080,260,1,0,0
E,12500,130,0,1,0
E,10740,690,0,1,0
J,2630,140,1,0,0
F,10140,770,0,0,1
D,10510,440,1,0,0
D,12000,1000,1,0,0
I,4370,0,0,0,1
D,9970,530,1,0,0
D,12190,650,1,0,0
J,5230,340,1,0,0
J,1660,70,1,0,0
J,2670,120,1,0,0
I,150,0,0,0,1
J,6250,400,1,0,0
E,10770,230,0,1,0
J,1050,30,1,0,0
L,2850,120,0,0,1
F,11280,480,0,0,1
D,12660,260,1,0,0
J,1420,50,1,0,0
I,4020,0,0,0,1
D,9230,100,1,0,0
L,2060,110,0,0,1
L,5240,340,0,0,1
L,7030,530,0,0,1
D,11450,870,1,0,0
I,100,0,0,0,1
L,5940,320,0,0,1
D,10040,420,1,0,0
D,14040,590,1,0,0
D,8030,250,1,0,0
J,5960,250,1,0,0
D,10110,110,1,0,0
F,11410,860,0,0,1
F,8880,470,0,0,1
J,4410,240,1,0,0
L,3270,180,0,0,1
F,12380,800,0,0,1
F,12610,530,0,0,1
F,13540,870,0,0,1
G,3910,0,1,0,0
J,2410,80,1,0,0
G,2180,0,1,0,0
L,3680,40,0,0,1
K,2620,30,0,1,0
F,9240,390,0,0,1
L,5320,60,0,0,1
J,3330,110,1,0,0
J,2160,30,1,0,0
F,12460,850,0,0,1
I,3500,0,0,0,1
J,6150,260,1,0,0
D,9030,580,1,0,0
L,5490,360,0,0,1
G,1750,0,1,0,0
F,10710,450,0,0,1
F,11420,240,0,0,1
F,9060,580,0,0,1
L,1340,30,0,0,1
D,9840,420,1,0,0
D,13490,110,1,0,0
F,12530,810,0,0,1
L,810,10,0,0,1
F,9730,630,0,0,1
F,13650,430,0,0,1
J,3110,170,1,0,0
D,12150,350,1,0,0
L,1440,50,0,0,1
G,3270,0,1,0,0
F,11010,230,0,0,1
D,14800,850,1,0,0
J,1550,90,1,0,0
A,13840,0,1,0,0
L,5540,120,0,0,1
J,5950,190,1,0,0
F,9680,730,0,0,1
E,11950,380,0,1,0
D,8220,620,1,0,0
F,8980,280,0,0,1
D,10020,760,1,0,0
J,5270,60,1,0,0
L,3970,90,0,0,1
L,4340,50,0,0,1
J,4790,370,1,0,0
F,9760,100,0,0,1
F,12280,650,0,0,1
J,6740,70,1,0,0
F,13020,410,0,0,1
F,14110,590,0,0,1
J,4650,200,1,0,0
L,2640,120,0,0,1
D,13540,1020,1,0,0
L,2680,120,0,0,1
E,8340,440,0,1,0
A,12330,0,1,0,0
G,2440,0,1,0,0
I,4700,0,0,0,1
H,100,0,0,1,0
J,3650,40,1,0,0
J,5300,340,1,0,0
D,13070,270,1,0,0
E,12580,810,0,1,0
E,8370,350,0,1,0
F,7770,500,0,0,1
J,6650,280,1,0,0
F,14110,1390,0,0,1
I,2380,0,0,0,1
J,5850,190,1,0,0
I,200,0,0,0,1
J,3700,80,1,0,0
I,3540,0,0,0,1
J,7070,460,1,0,0
L,3400,110,0,0,1
D,13890,740,1,0,0
G,5980,0,1,0,0
D,13380,280,1,0,0
L,4030,90,0,0,1
D,12790,970,1,0,0
J,4490,190,1,0,0
D,13670,1030,1,0,0
K,7180,300,0,1,0
K,6060,320,0,1,0
L,5320,60,0,0,1
J,420,20,1,0,0
J,3670,80,1,0,0
J,3480,150,1,0,0
L,940,10,0,0,1
L,4330,190,0,0,1
C,12640,0,0,0,1
J,6880,290,1,0,0
D,14340,760,1,0,0
D,7910,510,1,0,0
L,540,10,0,0,1
L,770,20,0,0,1
L,3810,160,0,0,1
D,14620,1110,1,0,0
B,14220,0,0,1,0
K,700,10,0,1,0
F,10990,580,0,0,1
L,2410,130,0,0,1
J,4620,100,1,0,0
L,5500,120,0,0,1
F,10660,220,0,0,1
D,7660,160,1,0,0
L,5290,60,0,0,1
J,5270,60,1,0,0
J,3190,70,1,0,0
D,12290,390,1,0,0
F,13900,440,0,0,1
L,2320,130,0,0,1
F,10540,110,0,0,1
L,3660,200,0,0,1
G,3740,0,1,0,0
L,3990,130,0,0,1
D,8970,100,1,0,0
D,13590,280,1,0,0
C,14720,0,0,0,1
F,13730,1040,0,0,1
J,3950,130,1,0,0
L,3120,140,0,0,1
L,910,10,0,0,1
L,7060,220,0,0,1
J,1530,40,1,0,0
F,8290,630,0,0,1
J,1440,20,1,0,0
L,920,30,0,0,1
L,800,20,0,0,1
K,3130,100,0,1,0
F,11910,130,0,0,1
D,10530,680,1,0,0
F,11320,730,0,0,1
L,7090,540,0,0,1
J,6440,270,1,0,0
D,9310,500,1,0,0
D,13710,880,1,0,0
D,14900,960,1,0,0
D,10920,830,1,0,0
E,8770,670,0,1,0
K,1100,30,0,1,0
F,7680,410,0,0,1
K,4060,170,0,1,0
F,13240,850,0,0,1
F,9090,190,0,0,1
F,11900,370,0,0,1
F,12800,270,0,0,1
L,7140,540,0,0,1
D,8660,560,1,0,0
D,12970,1120,1,0,0
J,5120,220,1,0,0
F,14640,780,0,0,1
D,9260,190,1,0,0
F,8410,640,0,0,1
G,3830,0,1,0,0
D,11340,600,1,0,0
F,15000,790,0,0,1
J,5300,340,1,0,0
D,14540,150,1,0,0
D,11110,710,1,0,0
D,10480,220,1,0,0
D,7930,340,1,0,0
G,5180,0,1,0,0
D,10340,160,1,0,0
F,7720,80,0,0,1
D,10000,420,1,0,0
A,13310,0,1,0,0
L,4490,100,0,0,1
D,14300,450,1,0,0
F,10760,690,0,0,1
D,11630,240,1,0,0
J,6050,350,1,0,0
J,4380,190,1,0,0
L,4560,200,0,0,1
D,13730,140,1,0,0
J,6580,70,1,0,0
F,13780,290,0,0,1
E,11320,860,0,1,0
J,4440,140,1,0,0
L,4380,140,0,0,1
J,3700,120,1,0,0
F,14440,1090,0,0,1
L,3460,40,0,0,1
D,11310,600,1,0,0
F,8480,90,0,0,1
F,11240,600,0,0,1
F,10720,220,0,0,1
F,14500,930,0,0,1
F,15000,630,0,0,1
J,4920,320,1,0,0
J,4780,150,1,0,0
J,2020,70,1,0,0
D,12350,390,1,0,0
L,690,30,0,0,1
I,150,0,0,0,1
J,7130,460,1,0,0
J,3120,100,1,0,0
D,10370,670,1,0,0
D,13940,740,1,0,0
D,8120,620,1,0,0
E,13280,280,0,1,0
D,9540,300,1,0,0
F,10720,340,0,0,1
J,5250,220,1,0,0
D,10020,110,1,0,0
D,13400,140,1,0,0
J,3360,70,1,0,0
L,4200,140,0,0,1
K,2420,110,0,1,0
D,13980,1060,1,0,0
L,5120,390,0,0,1
F,10770,570,0,0,1
D,9160,590,1,0,0
J,5100,110,1,0,0
J,1970,90,1,0,0
J,2930,40,1,0,0
J,2860,60,1,0,0
L,6230,400,0,0,1
D,10660,840,1,0,0
J,1330,20,1,0,0
F,7610,410,0,0,1
J,3670,80,1,0,0
L,4830,310,0,0,1
I,4870,0,0,0,1
J,7490,480,1,0,0
F,10340,220,0,0,1
F,11420,360,0,0,1
F,9740,100,0,0,1
F,9800,310,0,0,1
D,9750,200,1,0,0
D,13060,990,1,0,0
L,2160,70,0,0,1
D,11840,900,1,0,0
D,7510,160,1,0,0
F,11650,620,0,0,1
F,11170,230,0,0,1
J,1030,40,1,0,0
J,1180,40,1,0,0
D,12100,640,1,0,0
D,9110,190,1,0,0
J,840,30,1,0,0
F,13660,280,0,0,1
F,14290,760,0,0,1
L,680,10,0,0,1
F,9980,310,0,0,1
I,5790,0,0,0,1
D,8510,270,1,0,0
F,13860,730,0,0,1
J,4500,340,1,0,0
F,9390,300,0,0,1
J,5930,380,1,0,0
A,8310,0,1,0,0
F,8880,380,0,0,1
D,8860,190,1,0,0
F,9670,510,0,0,1
K,1960,70,0,1,0
F,9450,610,0,0,1
D,7850,80,1,0,0
D,11740,620,1,0,0
D,10340,330,1,0,0
F,8730,720,0,0,1
D,13330,560,1,0,0
F,12580,950,0,0,1
F,11730,240,0,0,1
L,6710,510,0,0,1
D,11020,230,1,0,0
D,12010,380,1,0,0
I,1350,0,0,0,1
L,2970,130,0,0,1
D,7540,490,1,0,0
J,6790,520,1,0,0
I,2320,0,0,0,1
F,8080,170,0,0,1
H,4880,0,0,1,0
E,7560,240,0,1,0
F,11380,480,0,0,1
D,9470,610,1,0,0
F,8500,500,0,0,1
D,9100,590,1,0,0
J,1140,20,1,0,0
J,1040,30,1,0,0
J,1750,20,1,0,0
E,9870,350,0,1,0
L,4120,220,0,0,1
D,7570,580,1,0,0
J,690,10,1,0,0
K,3690,80,0,1,0
D,14530,930,1,0,0
D,10090,760,1,0,0
D,8270,260,1,0,0
D,8990,380,1,0,0
J,5360,60,1,0,0
J,580,10,1,0,0
F,9760,140,0,0,1
D,13370,280,1,0,0
F,14410,300,0,0,1
J,4480,140,1,0,0
I,1760,0,0,0,1
J,3960,90,1,0,0
L,3930,50,0,0,1
J,550,10,1,0,0
J,3510,110,1,0,0
F,11690,620,0,0,1
G,3860,0,1,0,0
J,1900,110,1,0,0
F,11680,620,0,0,1
F,10140,540,0,0,1
J,5290,60,1,0,0
J,1650,40,1,0,0
F,9270,390,0,0,1
F,8500,550,0,0,1
D,13750,290,1,0,0
F,9310,390,0,0,1
J,3280,70,1,0,0
D,13970,740,1,0,0
F,11880,250,0,0,1
J,2450,110,1,0,0
C,14120,0,0,0,1
D,8910,100,1,0,0
D,7580,320,1,0,0
D,11900,770,1,0,0
A,9480,0,1,0,0
I,1080,0,0,0,1
K,7120,150,0,1,0
L,7470,480,0,0,1
L,5390,230,0,0,1
J,5350,290,1,0,0
J,1440,20,1,0,0
L,3020,70,0,0,1
D,8810,90,1,0,0
L,6880,520,0,0,1
F,11920,250,0,0,1
E,8300,440,0,1,0
J,6610,140,1,0,0
D,13680,580,1,0,0
J,1060,30,1,0,0
D,8560,460,1,0,0
J,7360,80,1,0,0
J,420,10,1,0,0
D,12840,140,1,0,0
D,14970,630,1,0,0
F,11660,240,0,0,1
F,8450,180,0,0,1
L,3410,40,0,0,1
D,11600,490,1,0,0
L,7460,80,0,0,1
L,4270,180,0,0,1
F,8990,380,0,0,1
F,11260,740,0,0,1
F,10200,210,0,0,1
F,8600,550,0,0,1
J,6060,190,1,0,0
J,5540,240,1,0,0
F,10420,440,0,0,1
D,12630,960,1,0,0
E,12130,130,0,1,0
F,8160,90,0,0,1
J,5700,60,1,0,0
D,12260,260,1,0,0
D,12490,530,1,0,0
J,5690,430,1,0,0
I,5440,0,0,0,1
D,8860,190,1,0,0
F,14310,300,0,0,1
L,5510,120,0,0,1
D,10320,220,1,0,0
L,1850,100,0,0,1
D,11900,500,1,0,0
E,12480,660,0,1,0
I,100,0,0,0,1
L,5310,230,0,0,1
D,10000,420,1,0,0
J,2280,130,1,0,0
D,12750,400,1,0,0
F,13300,420,0,0,1
J,2250,30,1,0,0
J,1210,20,1,0,0
D,14630,460,1,0,0
F,14880,960,0,0,1
J,2670,60,1,0,0
E,10430,670,0,1,0
J,3190,170,1,0,0
E,10120,540,0,1,0
L,1880,40,0,0,1
F,9020,480,0,0,1
J,5030,160,1,0,0
L,2160,100,0,0,1
L,1770,60,0,0,1
F,7650,320,0,0,1
F,10100,400,0,0,1
D,14070,1060,1,0,0
E,8850,190,0,1,0
J,5500,420,1,0,0
B,14480,0,0,1,0
D,11530,740,1,0,0
L,6610,430,0,0,1
L,7050,460,0,0,1
F,14460,300,0,0,1
L,6810,360,0,0,1
I,1140,0,0,0,1
D,13430,280,1,0,0
D,7710,500,1,0,0
F,12400,940,0,0,1
B,14190,0,0,1,0
J,2930,100,1,0,0
J,6570,70,1,0,0
K,2100,70,0,1,0
D,8500,450,1,0,0
E,11400,860,0,1,0
D,13370,140,1,0,0
J,1520,20,1,0,0
J,1590,50,1,0,0
J,5770,310,1,0,0
F,8860,90,0,0,1
J,3100,100,1,0,0
F,14160,150,0,0,1
L,6500,350,0,0,1
J,590,10,1,0,0
F,14990,310,0,0,1
F,9150,100,0,0,1
F,13650,880,0,0,1
E,12500,660,0,1,0
J,2040,110,1,0,0
D,10610,560,1,0,0
F,14080,1070,0,0,1
D,9020,380,1,0,0
D,14430,930,1,0,0
I,7140,0,0,0,1
L,6810,520,0,0,1
D,8620,360,1,0,0
D,14740,950,1,0,0
L,6760,290,0,0,1
L,5340,410,0,0,1
D,10410,110,1,0,0
K,3890,130,0,1,0
C,11670,0,0,0,1
L,5980,250,0,0,1
K,5880,250,0,1,0
D,8690,560,1,0,0
K,6140,400,0,1,0
F,13600,430,0,0,1
L,750,30,0,0,1
D,7640,490,1,0,0
F,11370,860,0,0,1
F,8300,170,0,0,1
F,8790,280,0,0,1
D,8090,170,1,0,0
D,14400,1090,1,0,0
L,6500,210,0,0,1
J,6630,430,1,0,0
G,6060,0,1,0,0
J,4980,60,1,0,0
A,14960,0,1,0,0
E,11510,240,0,1,0
F,8200,90,0,0,1
D,11790,370,1,0,0
F,10310,320,0,0,1
K,4810,260,0,1,0
J,4480,50,1,0,0
L,5550,360,0,0,1
D,11340,480,1,0,0
F,14660,780,0,0,1
C,14640,0,0,0,1
J,6500,490,1,0,0
D,7980,250,1,0,0
D,9470,500,1,0,0
F,10510,440,0,0,1
F,7680,410,0,0,1
L,1070,20,0,0,1
D,12160,920,1,0,0
L,1200,20,0,0,1
J,3740,160,1,0,0
D,12170,510,1,0,0
D,12720,540,1,0,0
E,11230,350,0,1,0
L,6740,360,0,0,1
D,13460,710,1,0,0
J,2020,110,1,0,0
J,5650,60,1,0,0
D,13510,870,1,0,0
F,10560,220,0,0,1
K,5060,110,0,1,0
I,4040,0,0,0,1
F,12890,980,0,0,1
E,12900,270,0,1,0
L,7110,230,0,0,1
A,12940,0,1,0,0
L,3940,210,0,0,1
F,8460,360,0,0,1
E,8640,460,0,1,0
J,6170,130,1,0,0
J,4830,210,1,0,0
F,12680,400,0,0,1
F,14140,590,0,0,1
L,3660,200,0,0,1
D,11210,720,1,0,0
F,8510,90,0,0,1
D,12500,260,1,0,0
J,4510,190,1,0,0
E,12000,910,0,1,0
J,6300,130,1,0,0
K,7050,150,0,1,0
D,11770,250,1,0,0
J,6760,510,1,0,0
L,1270,20,0,0,1
D,14090,440,1,0,0
J,7470,80,1,0,0
L,6700,210,0,0,1
D,14830,460,1,0,0
E,12640,530,0,1,0
F,9650,100,0,0,1
L,4810,370,0,0,1
F,10890,460,0,0,1
J,7140,540,1,0,0
F,9000,100,0,0,1
J,2420,110,1,0,0
D,13300,560,1,0,0
L,6940,450,0,0,1
F,11270,240,0,0,1
E,11100,470,0,1,0
L,4600,150,0,0,1
J,1810,60,1,0,0
J,4230,50,1,0,0
J,6940,370,1,0,0
F,8740,90,0,0,1
L,3100,130,0,0,1
D,10990,460,1,0,0
L,4450,190,0,0,1
D,14690,460,1,0,0
F,9330,710,0,0,1
F,9680,300,0,0,1
J,7370,390,1,0,0
G,5130,0,1,0,0
F,8950,680,0,0,1
D,7920,170,1,0,0
L,4240,140,0,0,1
D,11530,360,1,0,0
L,3360,110,0,0,1
K,3120,70,0,1,0
J,7410,400,1,0,0
K,7090,80,0,1,0
L,5560,180,0,0,1
I,2180,0,0,0,1
L,3130,140,0,0,1
C,14900,0,0,0,1
L,6010,190,0,0,1
D,11010,120,1,0,0
K,4190,180,0,1,0
I,1020,0,0,0,1
J,6110,190,1,0,0
I,5250,0,0,0,1
F,9610,620,0,0,1
I,200,0,0,0,1
L,5300,230,0,0,1
G,3050,0,1,0,0
E,10090,320,0,1,0
G,3040,0,1,0,0
L,660,20,0,0,1
J,3470,40,1,0,0
K,570,10,0,1,0
F,12700,130,0,0,1
F,8870,100,0,0,1
L,380,10,0,0,1
F,11430,870,0,0,1
D,11250,350,1,0,0
E,14380,1090,0,1,0
E,12550,130,0,1,0
F,10210,430,0,0,1
J,4740,150,1,0,0
D,8970,480,1,0,0
J,6070,260,1,0,0
J,7410,400,1,0,0
G,3690,0,1,0,0
F,9880,750,0,0,1
L,1860,20,0,0,1
E,9960,640,0,1,0
F,10080,110,0,0,1
E,13190,270,0,1,0
L,3670,80,0,0,1
J,1880,100,1,0,0
D,9670,100,1,0,0
D,13500,720,1,0,0
J,3210,140,1,0,0
J,6060,320,1,0,0
H,6710,0,0,1,0
D,9070,380,1,0,0
D,10130,110,1,0,0
D,8030,430,1,0,0
A,10230,0,1,0,0
D,12510,530,1,0,0
F,11030,230,0,0,1
K,4120,130,0,1,0
D,14800,1120,1,0,0
L,4400,100,0,0,1
D,7750,330,1,0,0
I,3170,0,0,0,1
L,4990,110,0,0,1
J,1820,100,1,0,0
D,13960,900,1,0,0
L,5220,280,0,0,1
D,14190,910,1,0,0
J,430,10,1,0,0
L,3390,110,0,0,1
F,10470,110,0,0,1
L,6710,430,0,0,1
D,9010,580,1,0,0
F,12930,980,0,0,1
G,4810,0,1,0,0
E,12300,520,0,1,0
C,13780,0,0,0,1
B,8690,0,0,1,0
I,1870,0,0,0,1
L,2720,120,0,0,1
J,4610,100,1,0,0
K,6490,350,0,1,0
J,4390,50,1,0,0
L,5960,450,0,0,1
G,2360,0,1,0,0
F,8880,280,0,0,1
D,14860,160,1,0,0
J,1510,20,1,0,0
F,10720,110,0,0,1
D,13010,140,1,0,0
D,8550,360,1,0,0
F,11280,850,0,0,1
I,7410,0,0,0,1
J,4290,180,1,0,0
D,9880,530,1,0,0
J,1950,110,1,0,0
J,6530,70,1,0,0
L,1480,20,0,0,1
D,11020,120,1,0,0
L,5700,180,0,0,1
D,14640,460,1,0,0
J,2140,70,1,0,0
F,14750,620,0,0,1
L,3930,170,0,0,1
L,5750,120,0,0,1
J,420,10,1,0,0
J,4380,190,1,0,0
J,6710,360,1,0,0
G,6390,0,1,0,0
J,2660,30,1,0,0
I,4650,0,0,0,1
D,9100,380,1,0,0
L,770,10,0,0,1
F,11530,870,0,0,1
E,9430,400,0,1,0
L,5760,370,0,0,1
D,9410,200,1,0,0
K,5020,210,0,1,0
D,9230,100,1,0,0
F,7880,600,0,0,1
J,6770,360,1,0,0
J,5910,450,1,0,0
C,12490,0,0,0,1
J,1120,30,1,0,0
I,3140,0,0,0,1
D,11850,630,1,0,0
K,2220,50,0,1,0
L,300,10,0,0,1
J,3930,50,1,0,0
L,5160,110,0,0,1
A,13150,0,1,0,0
F,10580,560,0,0,1
J,2740,30,1,0,0
L,490,20,0,0,1
J,1590,20,1,0,0
D,9230,290,1,0,0
F,8010,250,0,0,1
F,13630,430,0,0,1
A,10180,0,1,0,0
J,630,20,1,0,0
C,9310,0,0,0,1
L,4890,50,0,0,1
D,8340,350,1,0,0
J,1580,70,1,0,0
F,7500,480,0,0,1
J,6230,400,1,0,0
F,13330,140,0,0,1
F,11110,590,0,0,1
D,7760,330,1,0,0
L,5350,350,0,0,1
C,10030,0,0,0,1
F,12120,640,0,0,1
D,7580,320,1,0,0
F,10450,560,0,0,1
D,11610,240,1,0,0
D,12000,910,1,0,0
L,2610,90,0,0,1
E,10380,550,0,1,0
E,14670,1110,0,1,0
D,14640,1110,1,0,0
K,4800,50,0,1,0
F,11380,240,0,0,1
L,7330,80,0,0,1
L,5510,420,0,0,1
I,100,0,0,0,1
J,4300,90,1,0,0
G,6280,0,1,0,0
F,13210,280,0,0,1
I,3760,0,0,0,1
F,10130,210,0,0,1
D,13230,280,1,0,0
J,5390,120,1,0,0
L,7240,310,0,0,1
D,13910,890,1,0,0
L,830,30,0,0,1
L,6990,370,0,0,1
D,11310,120,1,0,0
J,2640,30,1,0,0
J,2450,30,1,0,0
J,1050,40,1,0,0
D,12880,520,1,0,0
L,340,20,0,0,1
L,4910,160,0,0,1
D,9410,400,1,0,0
D,12320,130,1,0,0
D,10830,700,1,0,0
D,7500,160,1,0,0
F,8610,560,0,0,1
J,5350,60,1,0,0
L,3540,110,0,0,1
D,11700,850,1,0,0
F,11840,960,0,0,1
L,410,10,0,0,1
J,3650,160,1,0,0
G,1280,0,1,0,0
K,1250,50,0,1,0
F,9210,590,0,0,1
F,12740,960,0,0,1
J,4030,130,1,0,0
F,10820,460,0,0,1
D,9640,410,1,0,0
L,5800,380,0,0,1
A,12780,0,1,0,0
F,10270,110,0,0,1
J,2060,50,1,0,0
K,1810,80,0,1,0
F,11710,120,0,0,1
E,11670,620,0,1,0
E,13040,550,0,1,0
E,11090,710,0,1,0
F,13510,420,0,0,1
J,4770,150,1,0,0
I,4020,0,0,0,1
D,14120,440,1,0,0
J,2820,60,1,0,0
L,4150,220,0,0,1
F,14550,150,0,0,1
F,11760,890,0,0,1
K,660,10,0,1,0
D,14600,610,1,0,0
F,9280,290,0,0,1
L,2190,70,0,0,1
A,8590,0,1,0,0
D,9100,380,1,0,0
I,1050,0,0,0,1
F,12780,400,0,0,1
J,4500,50,1,0,0
L,6240,70,0,0,1
D,9420,200,1,0,0
J,5990,320,1,0,0
G,3550,0,1,0,0
D,13310,710,1,0,0
A,9040,0,1,0,0
D,9700,620,1,0,0
K,4420,240,0,1,0
E,13580,1030,0,1,0
J,5580,180,1,0,0
L,7010,370,0,0,1
L,960,10,0,0,1
D,11950,380,1,0,0
F,8510,360,0,0,1
D,11640,750,1,0,0
L,2130,70,0,0,1
F,11740,750,0,0,1
J,2940,100,1,0,0
D,7670,580,1,0,0
G,7080,0,1,0,0
L,7450,160,0,0,1
F,14880,310,0,0,1
F,12120,920,0,0,1
J,1780,20,1,0,0
F,13520,720,0,0,1
J,2350,50,1,0,0
D,10030,530,1,0,0
H,1380,0,0,1,0
F,12600,810,0,0,1
D,12070,130,1,0,0
L,3150,70,0,0,1
F,10310,220,0,0,1
L,2780,150,0,0,1
D,11500,360,1,0,0
L,6920,450,0,0,1
C,12290,0,0,0,1
L,3340,70,0,0,1
K,560,20,0,1,0
L,4710,250,0,0,1
F,10080,430,0,0,1
J,5900,320,1,0,0
K,670,10,0,1,0
L,3550,120,0,0,1
L,6140,130,0,0,1
D,7580,240,1,0,0
D,13110,270,1,0,0
K,2920,70,0,1,0
J,6240,200,1,0,0
D,8040,610,1,0,0
A,13270,0,1,0,0
J,3050,170,1,0,0
F,12040,130,0,0,1
E,8080,430,0,1,0
D,7910,90,1,0,0
E,8110,520,0,1,0
D,11670,240,1,0,0
F,9660,730,0,0,1
J,6300,130,1,0,0
D,9550,510,1,0,0
J,3100,100,1,0,0
F,10610,560,0,0,1
J,490,20,1,0,0
F,10740,570,0,0,1
I,1180,0,0,0,1
E,14530,450,0,1,0
F,8510,360,0,0,1
D,11170,720,1,0,0
F,10020,420,0,0,1
J,4480,190,1,0,0
D,10940,460,1,0,0
K,1540,70,0,1,0
A,14630,0,1,0,0
F,14550,460,0,0,1
D,9310,290,1,0,0
F,9340,710,0,0,1
F,9070,580,0,0,1
D,10040,650,1,0,0
D,11370,240,1,0,0
F,7940,510,0,0,1
F,8570,90,0,0,1
D,11060,230,1,0,0
J,4780,200,1,0,0
D,12720,960,1,0,0
G,3100,0,1,0,0
L,5070,390,0,0,1
D,8970,380,1,0,0
D,9620,510,1,0,0
J,2160,30,1,0,0
J,2790,120,1,0,0
G,2760,0,1,0,0
K,1400,30,0,1,0
C,14280,0,0,0,1
D,11040,470,1,0,0
G,3500,0,1,0,0
L,3050,170,0,0,1
D,10530,220,1,0,0
D,10670,690,1,0,0
G,3890,0,1,0,0
F,11150,590,0,0,1
D,8860,280,1,0,0
F,12950,980,0,0,1
C,7750,0,0,0,1
L,280,10,0,0,1
J,4640,50,1,0,0
L,4780,200,0,0,1
J,3350,110,1,0,0
D,8420,540,1,0,0
F,11310,360,0,0,1
D,9000,380,1,0,0
F,12970,140,0,0,1
F,10640,450,0,0,1
L,6360,270,0,0,1
J,4340,230,1,0,0
I,3580,0,0,0,1
D,11020,830,1,0,0
L,3870,40,0,0,1
J,590,10,1,0,0
E,13260,280,0,1,0
L,3770,40,0,0,1
J,4560,250,1,0,0
J,6730,360,1,0,0
F,7660,490,0,0,1
G,5310,0,1,0,0
F,9690,410,0,0,1
D,12080,130,1,0,0
K,3660,160,0,1,0
A,8200,0,1,0,0
J,300,10,1,0,0
K,5530,240,0,1,0
D,14350,1090,1,0,0
J,6930,290,1,0,0
F,7840,330,0,0,1
F,12560,530,0,0,1
D,11200,590,1,0,0
C,12790,0,0,0,1
F,9200,390,0,0,1
J,2740,90,1,0,0
L,7340,310,0,0,1
D,8880,280,1,0,0
F,12280,930,0,0,1
B,11220,0,0,1,0
A,10590,0,1,0,0
F,10900,120,0,0,1
B,14320,0,0,1,0
F,11990,510,0,0,1
J,7410,310,1,0,0
J,5240,280,1,0,0
J,420,10,1,0,0
D,9800,310,1,0,0
E,14120,150,0,1,0
L,680,30,0,0,1
G,2130,0,1,0,0
E,14180,910,0,1,0
L,480,20,0,0,1
J,7000,300,1,0,0
E,13480,280,0,1,0
F,12780,680,0,0,1
J,1300,20,1,0,0
J,1770,60,1,0,0
D,13460,570,1,0,0
J,4810,210,1,0,0
C,8830,0,0,0,1
D,14170,150,1,0,0
F,8910,280,0,0,1
F,11710,490,0,0,1
F,9060,100,0,0,1
L,7370,310,0,0,1
I,4740,0,0,0,1
L,1720,80,0,0,1
D,13140,550,1,0,0
F,10900,830,0,0,1
J,4910,60,1,0,0
F,8760,660,0,0,1
D,9400,100,1,0,0
E,9420,300,0,1,0
J,1380,20,1,0,0
L,5730,370,0,0,1
F,10540,220,0,0,1
D,12780,540,1,0,0
F,11820,630,0,0,1
L,2500,140,0,0,1
C,14580,0,0,0,1
D,8600,270,1,0,0
L,4500,50,0,0,1
J,4450,190,1,0,0
J,1730,80,1,0,0
F,10810,700,0,0,1
G,6670,0,1,0,0
J,7400,310,1,0,0
B,10360,0,0,1,0
G,6470,0,1,0,0
F,11950,770,0,0,1
D,9000,680,1,0,0
I,3420,0,0,0,1
D,8050,250,1,0,0
C,7560,0,0,0,1
J,6040,390,1,0,0
J,7370,390,1,0,0
L,5890,380,0,0,1
I,100,0,0,0,1
J,6210,200,1,0,0
L,250,10,0,0,1
D,10410,790,1,0,0
J,5250,220,1,0,0
J,7170,550,1,0,0
C,14640,0,0,0,1
D,8670,660,1,0,0
F,14230,300,0,0,1
L,7130,230,0,0,1
F,8000,170,0,0,1
D,8350,540,1,0,0
D,9410,200,1,0,0
D,12540,810,1,0,0
D,10720,450,1,0,0
F,13560,1030,0,0,1
G,1640,0,1,0,0
D,8070,90,1,0,0
L,6880,290,0,0,1
J,6440,340,1,0,0
L,3310,140,0,0,1
J,3320,180,1,0,0
J,5680,300,1,0,0
D,10880,580,1,0,0
D,9640,300,1,0,0
D,9230,490,1,0,0
I,2050,0,0,0,1
D,9920,110,1,0,0
D,8200,260,1,0,0
F,13990,900,0,0,1
I,100,0,0,0,1
L,5560,120,0,0,1
L,3530,80,0,0,1
J,1300,50,1,0,0
J,4630,300,1,0,0
F,10240,780,0,0,1
K,1490,20,0,1,0
F,10230,320,0,0,1
G,5730,0,1,0,0
F,9560,510,0,0,1
L,6600,140,0,0,1
L,5000,110,0,0,1
L,1310,20,0,0,1
J,4700,200,1,0,0
L,7190,80,0,0,1
F,13500,280,0,0,1
F,8890,190,0,0,1
F,12020,380,0,0,1
J,7320,150,1,0,0
L,390,10,0,0,1
L,3640,80,0,0,1
D,12790,400,1,0,0
L,5130,110,0,0,1
F,11670,490,0,0,1
F,9350,600,0,0,1
F,11760,760,0,0,1
F,9370,300,0,0,1
D,11800,500,1,0,0
G,5730,0,1,0,0
D,12790,680,1,0,0
K,6720,140,0,1,0
F,11590,880,0,0,1
D,11000,710,1,0,0
F,13250,1000,0,0,1
J,2610,140,1,0,0
J,4590,350,1,0,0
F,12400,130,0,0,1
L,3340,110,0,0,1
C,12000,0,0,0,1
F,9090,590,0,0,1
J,1250,20,1,0,0
D,14810,460,1,0,0
L,2000,30,0,0,1
D,12490,660,1,0,0
F,11740,370,0,0,1
D,11580,740,1,0,0
K,2180,70,0,1,0
D,14260,600,1,0,0
A,8230,0,1,0,0
E,13160,850,0,1,0
F,8480,90,0,0,1
J,4090,180,1,0,0
D,8470,90,1,0,0
D,14050,1060,1,0,0
D,8820,280,1,0,0
D,12210,920,1,0,0
F,10880,230,0,0,1
L,5560,120,0,0,1
F,11370,240,0,0,1
L,3080,100,0,0,1
K,4010,130,0,1,0
L,5220,340,0,0,1
F,9590,300,0,0,1
D,12740,680,1,0,0
I,200,0,0,0,1
J,4250,140,1,0,0
D,14220,750,1,0,0
J,1550,90,1,0,0
F,8590,460,0,0,1
E,12740,960,0,1,0
J,6600,350,1,0,0
D,13870,740,1,0,0
D,13100,140,1,0,0
F,9510,720,0,0,1
J,1330,20,1,0,0
D,14760,620,1,0,0
E,10700,220,0,1,0
F,11700,890,0,0,1
J,1430,20,1,0,0
L,7430,160,0,0,1
I,100,0,0,0,1
L,4530,290,0,0,1
H,3320,0,0,1,0
J,2490,60,1,0,0
F,13470,140,0,0,1
F,10430,440,0,0,1
C,12370,0,0,0,1
L,1380,30,0,0,1
J,6190,130,1,0,0
D,12960,410,1,0,0
L,3400,150,0,0,1
D,10160,540,1,0,0
F,7820,420,0,0,1
L,4690,360,0,0,1
D,11380,120,1,0,0
L,4990,210,0,0,1
J,7230,80,1,0,0
D,11410,860,1,0,0
I,1880,0,0,0,1
D,11380,120,1,0,0
L,500,10,0,0,1
D,12600,810,1,0,0
L,6410,70,0,0,1
D,8540,650,1,0,0
F,10240,110,0,0,1
L,6100,130,0,0,1
J,6810,140,1,0,0
L,3880,130,0,0,1
L,1950,30,0,0,1
J,5060,330,1,0,0
F,12170,250,0,0,1
D,12110,510,1,0,0
F,14230,750,0,0,1
J,6960,530,1,0,0
J,7010,370,1,0,0
J,6780,360,1,0,0
B,13310,0,0,1,0
L,4220,180,0,0,1
L,970,10,0,0,1
E,14160,750,0,1,0
D,10070,210,1,0,0
F,7970,510,0,0,1
D,8220,620,1,0,0
L,2930,70,0,0,1
D,7860,250,1,0,0
L,230,10,0,0,1
J,3440,190,1,0,0
J,1020,30,1,0,0
D,9650,100,1,0,0
J,490,10,1,0,0
D,10820,110,1,0,0
E,12830,400,0,1,0
F,9990,640,0,0,1
D,12810,540,1,0,0
L,6290,130,0,0,1
D,9160,690,1,0,0
J,4940,160,1,0,0
L,5150,330,0,0,1
J,5460,290,1,0,0
L,3270,140,0,0,1
I,4770,0,0,0,1
L,5670,430,0,0,1
L,3020,160,0,0,1
L,3720,80,0,0,1
D,8310,440,1,0,0
D,14150,440,1,0,0
D,11850,500,1,0,0
A,12510,0,1,0,0
J,5210,60,1,0,0
A,8350,0,1,0,0
L,2390,130,0,0,1
A,10520,0,1,0,0
D,8990,380,1,0,0
E,10620,800,0,1,0
G,2630,0,1,0,0
L,2500,60,0,0,1
J,1310,50,1,0,0
L,4150,130,0,0,1
D,13910,290,1,0,0
J,6150,260,1,0,0
L,5080,220,0,0,1
J,1880,80,1,0,0
L,5640,120,0,0,1
A,7870,0,1,0,0
G,2510,0,1,0,0
F,9410,710,0,0,1
D,7960,340,1,0,0
L,5220,400,0,0,1
L,4750,200,0,0,1
J,5460,420,1,0,0
J,4320,230,1,0,0
E,8050,170,0,1,0
H,2100,0,0,1,0
L,550,20,0,0,1
D,10330,780,1,0,0
L,3550,40,0,0,1
F,11220,850,0,0,1
J,1490,20,1,0,0
L,6820,520,0,0,1
D,9020,580,1,0,0
J,3250,140,1,0,0
L,6290,480,0,0,1
L,6080,130,0,0,1
D,14710,150,1,0,0
D,8560,650,1,0,0
F,14640,460,0,0,1
L,3610,80,0,0,1
J,2640,30,1,0,0
F,14000,150,0,0,1
G,4390,0,1,0,0
L,3590,190,0,0,1
A,13230,0,1,0,0
L,3390,40,0,0,1
F,10300,320,0,0,1
K,5440,170,0,1,0
G,7360,0,1,0,0
F,11760,120,0,0,1
G,7400,0,1,0,0
F,14500,300,0,0,1
D,13900,150,1,0,0
E,10440,220,0,1,0
D,8690,660,1,0,0
D,13700,290,1,0,0
J,5000,380,1,0,0
D,9660,730,1,0,0
J,3370,40,1,0,0
D,9810,310,1,0,0
D,14000,150,1,0,0
J,1620,40,1,0,0
F,12820,540,0,0,1
F,9660,620,0,0,1
E,13430,570,0,1,0
G,1600,0,1,0,0
J,4920,320,1,0,0
L,4360,190,0,0,1
I,7370,0,0,0,1
J,6730,210,1,0,0
A,11360,0,1,0,0
D,13070,550,1,0,0
J,520,10,1,0,0
L,2490,30,0,0,1
J,290,10,1,0,0
K,3720,40,0,1,0
L,3880,130,0,0,1
E,13470,1020,0,1,0
J,5030,270,1,0,0
C,11530,0,0,0,1
G,1630,0,1,0,0
J,4320,190,1,0,0
J,4370,190,1,0,0
A,12810,0,1,0,0
J,5820,120,1,0,0
F,8370,540,0,0,1
J,810,20,1,0,0
L,7150,460,0,0,1
F,14070,150,0,0,1
J,5550,360,1,0,0
F,14570,150,0,0,1
D,7500,320,1,0,0
D,14430,300,1,0,0
F,13140,410,0,0,1
L,4690,360,0,0,1
A,9180,0,1,0,0
D,14740,150,1,0,0
J,1550,50,1,0,0
C,8170,0,0,0,1
J,7300,390,1,0,0
K,3550,120,0,1,0
D,12050,510,1,0,0
F,11310,860,0,0,1
J,2470,80,1,0,0
A,9350,0,1,0,0
D,13690,730,1,0,0
L,240,10,0,0,1
J,300,10,1,0,0
J,2610,90,1,0,0
D,13590,430,1,0,0
D,8090,170,1,0,0
L,310,10,0,0,1
J,4420,140,1,0,0
L,2400,80,0,0,1
A,11030,0,1,0,0
E,13200,1000,0,1,0
A,12460,0,1,0,0
E,10130,210,0,1,0
L,4930,110,0,0,1
D,10980,120,1,0,0
L,3820,160,0,0,1
G,3700,0,1,0,0
G,1820,0,1,0,0
J,620,10,1,0,0
I,1950,0,0,0,1
E,13430,710,0,1,0
E,7710,410,0,1,0
K,6900,290,0,1,0
F,12710,670,0,0,1
A,10720,0,1,0,0
G,6430,0,1,0,0
L,6980,300,0,0,1
J,3720,40,1,0,0
J,4870,100,1,0,0
G,2470,0,1,0,0
A,8690,0,1,0,0
F,10680,450,0,0,1
J,5260,170,1,0,0
L,6380,270,0,0,1
I,3380,0,0,0,1
L,3510,190,0,0,1
J,4530,290,1,0,0
F,9590,200,0,0,1
C,12690,0,0,0,1
C,8500,0,0,0,1
L,4080,90,0,0,1
J,4660,200,1,0,0
B,9950,0,0,1,0
D,13290,1010,1,0,0
C,14730,0,0,0,1
L,310,10,0,0,1
F,12470,130,0,0,1
J,3980,90,1,0,0
J,3860,210,1,0,0
G,1030,0,1,0,0
G,7250,0,1,0,0
J,3160,100,1,0,0
F,14030,440,0,0,1
D,7910,600,1,0,0
J,3520,150,1,0,0
L,4890,160,0,0,1
F,14650,780,0,0,1
C,9760,0,0,0,1
D,9050,580,1,0,0
D,14290,760,1,0,0
D,13370,1010,1,0,0
F,8860,570,0,0,1
J,2090,30,1,0,0
F,8020,430,0,0,1
D,14160,1070,1,0,0
J,6250,70,1,0,0
J,3520,150,1,0,0
L,4260,230,0,0,1
F,12190,510,0,0,1
D,9920,420,1,0,0
F,13080,140,0,0,1
L,3230,40,0,0,1
F,12390,660,0,0,1
J,2740,60,1,0,0
F,14790,1120,0,0,1
J,5240,60,1,0,0
J,5550,60,1,0,0
L,770,10,0,0,1
A,8390,0,1,0,0
L,6550,210,0,0,1
D,7590,160,1,0,0
K,3540,110,0,1,0
L,340,20,0,0,1
F,10540,680,0,0,1
D,9300,290,1,0,0
D,12510,950,1,0,0
D,12740,540,1,0,0
I,5280,0,0,0,1
D,14190,1070,1,0,0
F,14430,930,0,0,1
J,640,10,1,0,0
D,11320,600,1,0,0
K,990,20,0,1,0
D,13160,1000,1,0,0
J,4200,180,1,0,0
D,8310,180,1,0,0
J,970,10,1,0,0
L,4130,90,0,0,1
C,11140,0,0,0,1
L,5970,450,0,0,1
F,10700,570,0,0,1
D,8980,580,1,0,0
F,11780,120,0,0,1
J,4410,50,1,0,0
J,3550,120,1,0,0
D,11680,880,1,0,0
J,4790,100,1,0,0
G,2050,0,1,0,0
F,12130,380,0,0,1
I,150,0,0,0,1
C,11210,0,0,0,1
L,360,10,0,0,1
L,3620,80,0,0,1
A,12560,0,1,0,0
G,6820,0,1,0,0
L,840,20,0,0,1
D,12490,950,1,0,0
F,13970,440,0,0,1
I,2510,0,0,0,1
L,3280,110,0,0,1
D,9300,100,1,0,0
J,1570,90,1,0,0
F,14910,630,0,0,1
F,8600,270,0,0,1
D,12470,390,1,0,0
D,9670,200,1,0,0
J,7130,150,1,0,0
L,6160,470,0,0,1
L,6550,350,0,0,1
D,11380,360,1,0,0
K,3080,100,0,1,0
L,4520,50,0,0,1
F,9770,310,0,0,1
G,2000,0,1,0,0
J,900,20,1,0,0
L,2950,130,0,0,1
F,9200,590,0,0,1
D,9270,490,1,0,0
J,6800,440,1,0,0
L,360,20,0,0,1
E,13920,150,0,1,0
J,1040,30,1,0,0
L,2450,80,0,0,1
F,14070,750,0,0,1
L,4280,140,0,0,1
A,12110,0,1,0,0
D,11450,870,1,0,0
D,7830,590,1,0,0
A,7820,0,1,0,0
L,4120,220,0,0,1
E,10970,460,0,1,0
F,12060,640,0,0,1
G,6200,0,1,0,0
I,5300,0,0,0,1
A,14330,0,1,0,0
D,9440,100,1,0,0
L,560,20,0,0,1
G,5280,0,1,0,0
D,8670,90,1,0,0
D,10220,540,1,0,0
L,390,20,0,0,1
J,7120,540,1,0,0
E,10960,340,0,1,0
J,2400,80,1,0,0
J,6670,210,1,0,0
L,3230,40,0,0,1
L,5240,60,0,0,1
H,5310,0,0,1,0
L,900,20,0,0,1
A,13830,0,1,0,0
D,12700,820,1,0,0
E,9960,420,0,1,0
F,13710,290,0,0,1
F,7630,240,0,0,1
F,8950,100,0,0,1
L,3020,40,0,0,1
F,10190,540,0,0,1
K,6670,210,0,1,0
L,2830,120,0,0,1
F,14520,450,0,0,1
F,14040,1060,0,0,1
D,12700,130,1,0,0
C,9850,0,0,0,1
J,2680,30,1,0,0
B,12610,0,0,1,0
D,10700,810,1,0,0
D,14000,1060,1,0,0
G,6990,0,1,0,0
D,12920,140,1,0,0
L,3600,40,0,0,1
D,10330,220,1,0,0
K,1160,40,0,1,0
F,8460,90,0,0,1
G,2750,0,1,0,0
D,13170,140,1,0,0
F,8170,350,0,0,1
F,9920,310,0,0,1
L,5630,60,0,0,1
D,10930,580,1,0,0
A,12920,0,1,0,0
J,680,10,1,0,0
L,680,10,0,0,1
D,9500,610,1,0,0
F,11370,360,0,0,1
F,8870,280,0,0,1
F,13730,290,0,0,1
L,910,10,0,0,1
F,8180,260,0,0,1
D,14950,790,1,0,0
E,10900,230,0,1,0
L,1910,20,0,0,1
J,2840,90,1,0,0
J,4900,160,1,0,0
J,5800,60,1,0,0
D,13660,880,1,0,0
L,4860,50,0,0,1
K,960,20,0,1,0
F,8730,180,0,0,1
K,4450,50,0,1,0
A,9470,0,1,0,0
L,340,20,0,0,1
I,1510,0,0,0,1
D,9780,210,1,0,0
L,4370,190,0,0,1
L,6250,200,0,0,1
L,290,10,0,0,1
D,14330,920,1,0,0
D,14700,150,1,0,0
D,13890,290,1,0,0
J,3790,120,1,0,0
J,2990,100,1,0,0
D,13980,290,1,0,0
L,5540,360,0,0,1
J,530,10,1,0,0
K,580,20,0,1,0
K,4950,320,0,1,0
J,4520,190,1,0,0
D,8480,640,1,0,0
L,1410,20,0,0,1
F,10260,210,0,0,1
D,11540,120,1,0,0
L,3280,140,0,0,1
D,14690,150,1,0,0
J,7460,160,1,0,0
A,13100,0,1,0,0
J,7480,400,1,0,0
F,14570,610,0,0,1
D,13560,720,1,0,0
J,1000,20,1,0,0
J,4260,230,1,0,0
A,8560,0,1,0,0
F,11660,240,0,0,1
D,12430,130,1,0,0
G,2040,0,1,0,0
D,13220,700,1,0,0
A,8190,0,1,0,0
C,10890,0,0,0,1
F,13950,1060,0,0,1
D,12480,530,1,0,0
F,8920,570,0,0,1
J,7230,230,1,0,0
D,14490,150,1,0,0
F,7830,330,0,0,1
F,10210,540,0,0,1
F,13490,280,0,0,1
J,1660,70,1,0,0
D,11560,240,1,0,0
I,2380,0,0,0,1
F,12550,530,0,0,1
J,3030,100,1,0,0
F,10710,220,0,0,1
J,6490,210,1,0,0
J,3620,80,1,0,0
F,13630,720,0,0,1
K,7370,310,0,1,0
K,490,10,0,1,0
D,8460,550,1,0,0
F,9670,100,0,0,1
F,7580,400,0,0,1
D,8820,90,1,0,0
A,9550,0,1,0,0
J,780,10,1,0,0
H,5800,0,0,1,0
J,4100,180,1,0,0
A,7900,0,1,0,0
E,13800,290,0,1,0
I,1690,0,0,0,1
J,7330,310,1,0,0
F,11840,130,0,0,1
G,2500,0,1,0,0
E,11220,120,0,1,0
J,2990,130,1,0,0
J,3370,110,1,0,0
D,8320,630,1,0,0
D,8160,620,1,0,0
L,5710,60,0,0,1
F,12850,830,0,0,1
D,12960,690,1,0,0
D,10320,780,1,0,0
D,11480,120,1,0,0
D,11070,470,1,0,0
D,13770,430,1,0,0
L,7420,230,0,0,1
A,11600,0,1,0,0
F,9790,740,0,0,1
J,7100,300,1,0,0
F,12390,660,0,0,1
F,9920,110,0,0,1
E,14590,300,0,1,0
J,2790,30,1,0,0
F,9850,630,0,0,1
H,2640,0,0,1,0
J,6120,130,1,0,0
I,1260,0,0,0,1
J,2040,70,1,0,0
E,12000,380,0,1,0
F,9200,590,0,0,1
L,390,20,0,0,1
F,8970,280,0,0,1
D,11730,490,1,0,0
F,8870,380,0,0,1
F,7960,170,0,0,1
J,930,20,1,0,0
D,13840,1050,1,0,0
A,14410,0,1,0,0
D,9040,190,1,0,0
J,5140,110,1,0,0
L,4140,90,0,0,1
L,590,20,0,0,1
D,9830,210,1,0,0
F,9110,480,0,0,1
L,7360,160,0,0,1
J,3300,140,1,0,0
D,12950,980,1,0,0
L,2410,50,0,0,1
A,8130,0,1,0,0
J,5360,350,1,0,0
F,14400,1090,0,0,1
F,14930,160,0,0,1
F,13360,100,0,0,1
D,12700,530,1,0,0
F,12300,650,0,0,1
J,4670,150,1,0,0
J,3120,40,1,0,0
J,1960,90,1,0,0
E,10720,690,0,1,0
D,14690,150,1,0,0
D,8710,660,1,0,0
A,13900,0,1,0,0
L,6270,130,0,0,1
L,6420,70,0,0,1
D,11270,120,1,0,0
I,3530,0,0,0,1
J,4430,100,1,0,0
F,12220,250,0,0,1
J,3670,120,1,0,0
D,13150,550,1,0,0
F,11840,370,0,0,1
D,7960,510,1,0,0
D,14590,300,1,0,0
L,2590,110,0,0,1
J,1800,80,1,0,0
F,14670,620,0,0,1
J,7380,80,1,0,0
K,6050,390,0,1,0
D,14820,310,1,0,0
E,14490,770,0,1,0
L,260,10,0,0,1
I,6320,0,0,0,1
J,2800,150,1,0,0
D,9750,520,1,0,0
D,13020,690,1,0,0
F,12820,400,0,0,1
D,10570,800,1,0,0
D,9170,390,1,0,0
F,11630,490,0,0,1
G,7440,0,1,0,0
D,8130,170,1,0,0
F,9630,100,0,0,1
J,3190,40,1,0,0
C,11950,0,0,0,1
F,8690,180,0,0,1
L,5090,330,0,0,1
D,10390,440,1,0,0
L,7280,550,0,0,1
F,12790,680,0,0,1
D,12690,960,1,0,0
D,7790,420,1,0,0
F,9130,290,0,0,1
L,1450,50,0,0,1
J,7090,220,1,0,0
J,3990,50,1,0,0
F,14810,1120,0,0,1
D,9500,100,1,0,0
F,12310,260,0,0,1
I,150,0,0,0,1
L,1680,20,0,0,1
J,1540,70,1,0,0
L,4610,300,0,0,1
J,6340,130,1,0,0
D,13120,840,1,0,0
F,8180,170,0,0,1
J,4560,350,1,0,0
F,13930,440,0,0,1
K,950,30,0,1,0
L,2870,130,0,0,1
I,2290,0,0,0,1
F,13640,880,0,0,1
J,5320,170,1,0,0
J,3650,80,1,0,0
A,10420,0,1,0,0
D,10930,830,1,0,0
I,5210,0,0,0,1
D,9760,520,1,0,0
F,10450,220,0,0,1
L,290,10,0,0,1
J,2900,100,1,0,0
K,2140,70,0,1,0
J,2360,50,1,0,0
F,7960,600,0,0,1
D,7940,600,1,0,0
F,9880,750,0,0,1
I,100,0,0,0,1
D,10700,220,1,0,0
J,6810,360,1,0,0
F,10040,210,0,0,1
J,2160,70,1,0,0
I,4390,0,0,0,1
L,890,10,0,0,1
J,6110,330,1,0,0
D,14780,620,1,0,0
G,7270,0,1,0,0
K,5480,60,0,1,0
J,3950,90,1,0,0
F,9940,210,0,0,1
J,300,10,1,0,0
D,9150,190,1,0,0
F,13610,870,0,0,1
D,10560,800,1,0,0
K,6260,410,0,1,0
D,7610,160,1,0,0
L,3680,120,0,0,1
D,9630,300,1,0,0
L,1220,20,0,0,1
D,13100,990,1,0,0
A,14110,0,1,0,0
F,13120,140,0,0,1
L,330,10,0,0,1
D,10380,550,1,0,0
L,4710,310,0,0,1
